{
  "timestamp": "2026-02-21 11:43:58",
  "metrics": {
    "lexer": 0.27533688666687034,
    "parser": 0.4032936199995068,
    "evaluator": 0.3117808000000271,
    "end_to_end": 0.4468050800001947
  },
  "targets": {
    "lexer": 1.0,
    "parser": 5.0,
    "evaluator": 10.0,
    "end_to_end": 50.0
  },
  "formulas": {
    "simple": 5,
    "medium": 5,
    "complex": 5
  }
}